Day,Twilight start,Sunrise,Sunset,Twilight end,Day length,Solar noon,Nautical twilight start,Nautical twilight end,Astronomical twilight start,Astronomical twilight end
"Sun, Jan 1",6:41:42 am,7:11:48 am,4:23:48 pm,4:53:54 pm,09:12:00,11:47:48 am,6:06 am,5:29 pm,5:32 am,6:03 pm
"Mon, Jan 2",6:41:48 am,7:11:52 am,4:24:40 pm,4:54:44 pm,09:12:48,11:48:16 am,6:06 am,5:30 pm,5:32 am,6:04 pm
"Tue, Jan 3",6:41:52 am,7:11:54 am,4:25:34 pm,4:55:35 pm,09:13:40,11:48:44 am,6:06 am,5:30 pm,5:32 am,6:04 pm
"Wed, Jan 4",6:41:54 am,7:11:53 am,4:26:29 pm,4:56:28 pm,09:14:36,11:49:11 am,6:06 am,5:31 pm,5:32 am,6:05 pm
"Thu, Jan 5",6:41:54 am,7:11:50 am,4:27:26 pm,4:57:23 pm,09:15:36,11:49:38 am,6:06 am,5:32 pm,5:32 am,6:06 pm
"Fri, Jan 6",6:41:51 am,7:11:44 am,4:28:25 pm,4:58:18 pm,09:16:41,11:50:05 am,6:06 am,5:33 pm,5:32 am,6:07 pm
"Sat, Jan 7",6:41:46 am,7:11:37 am,4:29:25 pm,4:59:15 pm,09:17:48,11:50:31 am,6:06 am,5:34 pm,5:32 am,6:08 pm
"Sun, Jan 8",6:41:39 am,7:11:26 am,4:30:26 pm,5:00:13 pm,09:19:00,11:50:56 am,6:06 am,5:35 pm,5:32 am,6:09 pm
"Mon, Jan 9",6:41:29 am,7:11:14 am,4:31:28 pm,5:01:13 pm,09:20:14,11:51:21 am,6:06 am,5:36 pm,5:32 am,6:10 pm
"Tue, Jan 10",6:41:18 am,7:10:59 am,4:32:32 pm,5:02:13 pm,09:21:33,11:51:46 am,6:06 am,5:37 pm,5:32 am,6:11 pm
"Wed, Jan 11",6:41:04 am,7:10:41 am,4:33:37 pm,5:03:15 pm,09:22:56,11:52:09 am,6:06 am,5:38 pm,5:32 am,6:11 pm
"Thu, Jan 12",6:40:48 am,7:10:22 am,4:34:44 pm,5:04:18 pm,09:24:22,11:52:33 am,6:05 am,5:39 pm,5:32 am,6:12 pm
"Fri, Jan 13",6:40:29 am,7:10:00 am,4:35:51 pm,5:05:22 pm,09:25:51,11:52:55 am,6:05 am,5:40 pm,5:31 am,6:13 pm
"Sat, Jan 14",6:40:09 am,7:09:36 am,4:36:59 pm,5:06:26 pm,09:27:23,11:53:17 am,6:05 am,5:41 pm,5:31 am,6:14 pm
"Sun, Jan 15",6:39:46 am,7:09:09 am,4:38:08 pm,5:07:32 pm,09:28:59,11:53:39 am,6:05 am,5:42 pm,5:31 am,6:15 pm
"Mon, Jan 16",6:39:21 am,7:08:40 am,4:39:19 pm,5:08:38 pm,09:30:39,11:54:00 am,6:04 am,5:43 pm,5:31 am,6:16 pm
"Tue, Jan 17",6:38:54 am,7:08:09 am,4:40:30 pm,5:09:45 pm,09:32:21,11:54:20 am,6:04 am,5:44 pm,5:30 am,6:17 pm
"Wed, Jan 18",6:38:25 am,7:07:36 am,4:41:42 pm,5:10:53 pm,09:34:06,11:54:39 am,6:03 am,5:45 pm,5:30 am,6:18 pm
"Thu, Jan 19",6:37:53 am,7:07:01 am,4:42:54 pm,5:12:02 pm,09:35:53,11:54:57 am,6:03 am,5:46 pm,5:29 am,6:19 pm
"Fri, Jan 20",6:37:20 am,7:06:23 am,4:44:08 pm,5:13:11 pm,09:37:45,11:55:15 am,6:02 am,5:47 pm,5:29 am,6:21 pm
"Sat, Jan 21",6:36:44 am,7:05:43 am,4:45:22 pm,5:14:21 pm,09:39:39,11:55:32 am,6:02 am,5:48 pm,5:29 am,6:22 pm
"Sun, Jan 22",6:36:06 am,7:05:01 am,4:46:36 pm,5:15:31 pm,09:41:35,11:55:49 am,6:01 am,5:49 pm,5:28 am,6:23 pm
"Mon, Jan 23",6:35:27 am,7:04:17 am,4:47:51 pm,5:16:42 pm,09:43:34,11:56:04 am,6:01 am,5:50 pm,5:27 am,6:24 pm
"Tue, Jan 24",6:34:45 am,7:03:31 am,4:49:07 pm,5:17:53 pm,09:45:36,11:56:19 am,6:00 am,5:52 pm,5:27 am,6:25 pm
"Wed, Jan 25",6:34:01 am,7:02:43 am,4:50:23 pm,5:19:05 pm,09:47:40,11:56:33 am,5:59 am,5:53 pm,5:26 am,6:26 pm
"Thu, Jan 26",6:33:15 am,7:01:53 am,4:51:39 pm,5:20:17 pm,09:49:46,11:56:46 am,5:59 am,5:54 pm,5:26 am,6:27 pm
"Fri, Jan 27",6:32:28 am,7:01:01 am,4:52:56 pm,5:21:30 pm,09:51:55,11:56:59 am,5:58 am,5:55 pm,5:25 am,6:28 pm
"Sat, Jan 28",6:31:38 am,7:00:07 am,4:54:13 pm,5:22:42 pm,09:54:06,11:57:10 am,5:57 am,5:56 pm,5:24 am,6:29 pm
"Sun, Jan 29",6:30:47 am,6:59:11 am,4:55:31 pm,5:23:56 pm,09:56:20,11:57:21 am,5:56 am,5:57 pm,5:23 am,6:30 pm
"Mon, Jan 30",6:29:53 am,6:58:14 am,4:56:48 pm,5:25:09 pm,09:58:34,11:57:31 am,5:56 am,5:58 pm,5:23 am,6:31 pm
"Tue, Jan 31",6:28:58 am,6:57:14 am,4:58:06 pm,5:26:22 pm,10:00:52,11:57:40 am,5:55 am,6:00 pm,5:22 am,6:33 pm
"Wed, Feb 1",6:28:01 am,6:56:13 am,4:59:24 pm,5:27:36 pm,10:03:11,11:57:49 am,5:54 am,6:01 pm,5:21 am,6:34 pm
"Thu, Feb 2",6:27:02 am,6:55:10 am,5:00:42 pm,5:28:50 pm,10:05:32,11:57:56 am,5:53 am,6:02 pm,5:20 am,6:35 pm
"Fri, Feb 3",6:26:02 am,6:54:05 am,5:02:00 pm,5:30:04 pm,10:07:55,11:58:03 am,5:52 am,6:03 pm,5:19 am,6:36 pm
"Sat, Feb 4",6:24:59 am,6:52:59 am,5:03:18 pm,5:31:18 pm,10:10:19,11:58:09 am,5:51 am,6:04 pm,5:18 am,6:37 pm
"Sun, Feb 5",6:23:56 am,6:51:51 am,5:04:36 pm,5:32:32 pm,10:12:45,11:58:14 am,5:50 am,6:05 pm,5:17 am,6:38 pm
"Mon, Feb 6",6:22:50 am,6:50:42 am,5:05:55 pm,5:33:46 pm,10:15:13,11:58:18 am,5:49 am,6:07 pm,5:16 am,6:39 pm
"Tue, Feb 7",6:21:43 am,6:49:30 am,5:07:13 pm,5:35:00 pm,10:17:43,11:58:22 am,5:48 am,6:08 pm,5:15 am,6:41 pm
"Wed, Feb 8",6:20:34 am,6:48:18 am,5:08:31 pm,5:36:14 pm,10:20:13,11:58:24 am,5:47 am,6:09 pm,5:14 am,6:42 pm
"Thu, Feb 9",6:19:24 am,6:47:04 am,5:09:49 pm,5:37:28 pm,10:22:45,11:58:26 am,5:46 am,6:10 pm,5:13 am,6:43 pm
"Fri, Feb 10",6:18:12 am,6:45:48 am,5:11:06 pm,5:38:43 pm,10:25:18,11:58:27 am,5:45 am,6:11 pm,5:12 am,6:44 pm
"Sat, Feb 11",6:16:59 am,6:44:31 am,5:12:24 pm,5:39:57 pm,10:27:53,11:58:28 am,5:43 am,6:13 pm,5:11 am,6:45 pm
"Sun, Feb 12",6:15:44 am,6:43:13 am,5:13:42 pm,5:41:10 pm,10:30:29,11:58:27 am,5:42 am,6:14 pm,5:10 am,6:46 pm
"Mon, Feb 13",6:14:28 am,6:41:53 am,5:14:59 pm,5:42:24 pm,10:33:06,11:58:26 am,5:41 am,6:15 pm,5:08 am,6:47 pm
"Tue, Feb 14",6:13:10 am,6:40:32 am,5:16:16 pm,5:43:38 pm,10:35:44,11:58:24 am,5:40 am,6:16 pm,5:07 am,6:49 pm
"Wed, Feb 15",6:11:51 am,6:39:10 am,5:17:33 pm,5:44:52 pm,10:38:23,11:58:21 am,5:38 am,6:17 pm,5:06 am,6:50 pm
"Thu, Feb 16",6:10:31 am,6:37:46 am,5:18:50 pm,5:46:05 pm,10:41:04,11:58:18 am,5:37 am,6:18 pm,5:05 am,6:51 pm
"Fri, Feb 17",6:09:09 am,6:36:22 am,5:20:06 pm,5:47:18 pm,10:43:44,11:58:14 am,5:36 am,6:20 pm,5:03 am,6:52 pm
"Sat, Feb 18",6:07:47 am,6:34:56 am,5:21:23 pm,5:48:32 pm,10:46:27,11:58:09 am,5:35 am,6:21 pm,5:02 am,6:53 pm
"Sun, Feb 19",6:06:23 am,6:33:29 am,5:22:39 pm,5:49:45 pm,10:49:10,11:58:04 am,5:33 am,6:22 pm,5:01 am,6:54 pm
"Mon, Feb 20",6:04:58 am,6:32:01 am,5:23:54 pm,5:50:58 pm,10:51:53,11:57:58 am,5:32 am,6:23 pm,4:59 am,6:56 pm
"Tue, Feb 21",6:03:31 am,6:30:32 am,5:25:10 pm,5:52:10 pm,10:54:38,11:57:51 am,5:30 am,6:24 pm,4:58 am,6:57 pm
"Wed, Feb 22",6:02:04 am,6:29:02 am,5:26:25 pm,5:53:23 pm,10:57:23,11:57:43 am,5:29 am,6:26 pm,4:56 am,6:58 pm
"Thu, Feb 23",6:00:36 am,6:27:31 am,5:27:40 pm,5:54:35 pm,11:00:09,11:57:35 am,5:27 am,6:27 pm,4:55 am,6:59 pm
"Fri, Feb 24",5:59:06 am,6:25:59 am,5:28:54 pm,5:55:47 pm,11:02:55,11:57:27 am,5:26 am,6:28 pm,4:54 am,7:00 pm
"Sat, Feb 25",5:57:35 am,6:24:26 am,5:30:09 pm,5:57:00 pm,11:05:43,11:57:18 am,5:25 am,6:29 pm,4:52 am,7:02 pm
"Sun, Feb 26",5:56:04 am,6:22:53 am,5:31:23 pm,5:58:11 pm,11:08:30,11:57:08 am,5:23 am,6:30 pm,4:51 am,7:03 pm
"Mon, Feb 27",5:54:32 am,6:21:18 am,5:32:37 pm,5:59:23 pm,11:11:19,11:56:57 am,5:21 am,6:31 pm,4:49 am,7:04 pm
"Tue, Feb 28",5:52:58 am,6:19:43 am,5:33:50 pm,6:00:35 pm,11:14:07,11:56:46 am,5:20 am,6:33 pm,4:47 am,7:05 pm
"Wed, Mar 1",5:51:24 am,6:18:07 am,5:35:03 pm,6:01:46 pm,11:16:56,11:56:35 am,5:18 am,6:34 pm,4:46 am,7:06 pm
"Thu, Mar 2",5:49:49 am,6:16:30 am,5:36:16 pm,6:02:57 pm,11:19:46,11:56:23 am,5:17 am,6:35 pm,4:44 am,7:08 pm
"Fri, Mar 3",5:48:13 am,6:14:53 am,5:37:29 pm,6:04:08 pm,11:22:36,11:56:11 am,5:15 am,6:36 pm,4:43 am,7:09 pm
"Sat, Mar 4",5:46:36 am,6:13:14 am,5:38:41 pm,6:05:19 pm,11:25:27,11:55:58 am,5:14 am,6:37 pm,4:41 am,7:10 pm
"Sun, Mar 5",5:44:59 am,6:11:36 am,5:39:53 pm,6:06:30 pm,11:28:17,11:55:44 am,5:12 am,6:39 pm,4:39 am,7:11 pm
"Mon, Mar 6",5:43:21 am,6:09:56 am,5:41:05 pm,6:07:41 pm,11:31:09,11:55:31 am,5:10 am,6:40 pm,4:38 am,7:12 pm
"Tue, Mar 7",5:41:42 am,6:08:16 am,5:42:17 pm,6:08:51 pm,11:34:01,11:55:17 am,5:09 am,6:41 pm,4:36 am,7:14 pm
"Wed, Mar 8",5:40:02 am,6:06:36 am,5:43:28 pm,6:10:02 pm,11:36:52,11:55:02 am,5:07 am,6:42 pm,4:34 am,7:15 pm
"Thu, Mar 9",5:38:22 am,6:04:55 am,5:44:39 pm,6:11:12 pm,11:39:44,11:54:47 am,5:05 am,6:43 pm,4:33 am,7:16 pm
"Fri, Mar 10",5:36:41 am,6:03:14 am,5:45:50 pm,6:12:22 pm,11:42:36,11:54:32 am,5:04 am,6:44 pm,4:31 am,7:17 pm
"Sat, Mar 11",5:35:00 am,6:01:32 am,5:47:00 pm,6:13:32 pm,11:45:28,11:54:16 am,5:02 am,6:46 pm,4:29 am,7:18 pm
"Sun, Mar 12",6:33:18 am,6:59:50 am,6:48:11 pm,7:14:42 pm,11:48:21,12:54:00 pm,6:00 am,7:47 pm,5:27 am,8:20 pm
"Mon, Mar 13",6:31:36 am,6:58:07 am,6:49:21 pm,7:15:52 pm,11:51:14,12:53:44 pm,5:59 am,7:48 pm,5:26 am,8:21 pm
"Tue, Mar 14",6:29:53 am,6:56:25 am,6:50:31 pm,7:17:02 pm,11:54:06,12:53:28 pm,5:57 am,7:49 pm,5:24 am,8:22 pm
"Wed, Mar 15",6:28:10 am,6:54:41 am,6:51:40 pm,7:18:12 pm,11:56:59,12:53:11 pm,5:55 am,7:50 pm,5:22 am,8:23 pm
"Thu, Mar 16",6:26:26 am,6:52:58 am,6:52:50 pm,7:19:22 pm,11:59:52,12:52:54 pm,5:53 am,7:52 pm,5:20 am,8:25 pm
"Fri, Mar 17",6:24:42 am,6:51:14 am,6:53:59 pm,7:20:31 pm,12:02:45,12:52:37 pm,5:52 am,7:53 pm,5:18 am,8:26 pm
"Sat, Mar 18",6:22:58 am,6:49:31 am,6:55:08 pm,7:21:41 pm,12:05:37,12:52:19 pm,5:50 am,7:54 pm,5:16 am,8:27 pm
"Sun, Mar 19",6:21:13 am,6:47:47 am,6:56:17 pm,7:22:51 pm,12:08:30,12:52:02 pm,5:48 am,7:55 pm,5:15 am,8:29 pm
"Mon, Mar 20",6:19:28 am,6:46:02 am,6:57:26 pm,7:24:00 pm,12:11:24,12:51:44 pm,5:46 am,7:56 pm,5:13 am,8:30 pm
"Tue, Mar 21",6:17:43 am,6:44:18 am,6:58:35 pm,7:25:10 pm,12:14:17,12:51:27 pm,5:44 am,7:58 pm,5:11 am,8:31 pm
"Wed, Mar 22",6:15:58 am,6:42:34 am,6:59:44 pm,7:26:19 pm,12:17:10,12:51:09 pm,5:43 am,7:59 pm,5:09 am,8:32 pm
"Thu, Mar 23",6:14:12 am,6:40:49 am,7:00:52 pm,7:27:29 pm,12:20:03,12:50:51 pm,5:41 am,8:00 pm,5:07 am,8:34 pm
"Fri, Mar 24",6:12:26 am,6:39:05 am,7:02:00 pm,7:28:39 pm,12:22:55,12:50:33 pm,5:39 am,8:01 pm,5:05 am,8:35 pm
"Sat, Mar 25",6:10:41 am,6:37:21 am,7:03:09 pm,7:29:49 pm,12:25:48,12:50:15 pm,5:37 am,8:02 pm,5:03 am,8:36 pm
"Sun, Mar 26",6:08:55 am,6:35:36 am,7:04:17 pm,7:30:58 pm,12:28:41,12:49:56 pm,5:35 am,8:04 pm,5:01 am,8:38 pm
"Mon, Mar 27",6:07:08 am,6:33:52 am,7:05:25 pm,7:32:08 pm,12:31:33,12:49:38 pm,5:33 am,8:05 pm,4:59 am,8:39 pm
"Tue, Mar 28",6:05:22 am,6:32:08 am,7:06:33 pm,7:33:18 pm,12:34:25,12:49:20 pm,5:32 am,8:06 pm,4:57 am,8:40 pm
"Wed, Mar 29",6:03:36 am,6:30:24 am,7:07:41 pm,7:34:28 pm,12:37:17,12:49:02 pm,5:30 am,8:07 pm,4:55 am,8:42 pm
"Thu, Mar 30",6:01:50 am,6:28:40 am,7:08:49 pm,7:35:38 pm,12:40:09,12:48:44 pm,5:28 am,8:09 pm,4:53 am,8:43 pm
"Fri, Mar 31",6:00:04 am,6:26:56 am,7:09:56 pm,7:36:48 pm,12:43:00,12:48:26 pm,5:26 am,8:10 pm,4:51 am,8:45 pm
"Sat, Apr 1",5:58:18 am,6:25:13 am,7:11:04 pm,7:37:58 pm,12:45:51,12:48:08 pm,5:24 am,8:11 pm,4:49 am,8:46 pm
"Sun, Apr 2",5:56:32 am,6:23:29 am,7:12:12 pm,7:39:09 pm,12:48:43,12:47:51 pm,5:22 am,8:12 pm,4:47 am,8:47 pm
"Mon, Apr 3",5:54:47 am,6:21:46 am,7:13:20 pm,7:40:19 pm,12:51:34,12:47:33 pm,5:21 am,8:14 pm,4:45 am,8:49 pm
"Tue, Apr 4",5:53:01 am,6:20:04 am,7:14:27 pm,7:41:30 pm,12:54:23,12:47:16 pm,5:19 am,8:15 pm,4:43 am,8:50 pm
"Wed, Apr 5",5:51:16 am,6:18:22 am,7:15:35 pm,7:42:41 pm,12:57:13,12:46:58 pm,5:17 am,8:16 pm,4:41 am,8:52 pm
"Thu, Apr 6",5:49:31 am,6:16:40 am,7:16:43 pm,7:43:51 pm,13:00:03,12:46:41 pm,5:15 am,8:17 pm,4:39 am,8:53 pm
"Fri, Apr 7",5:47:46 am,6:14:58 am,7:17:50 pm,7:45:02 pm,13:02:52,12:46:24 pm,5:13 am,8:19 pm,4:37 am,8:54 pm
"Sat, Apr 8",5:46:02 am,6:13:17 am,7:18:58 pm,7:46:13 pm,13:05:41,12:46:08 pm,5:11 am,8:20 pm,4:35 am,8:56 pm
"Sun, Apr 9",5:44:18 am,6:11:37 am,7:20:06 pm,7:47:25 pm,13:08:29,12:45:51 pm,5:09 am,8:21 pm,4:33 am,8:57 pm
"Mon, Apr 10",5:42:34 am,6:09:57 am,7:21:13 pm,7:48:36 pm,13:11:16,12:45:35 pm,5:08 am,8:23 pm,4:31 am,8:59 pm
"Tue, Apr 11",5:40:51 am,6:08:17 am,7:22:21 pm,7:49:48 pm,13:14:04,12:45:19 pm,5:06 am,8:24 pm,4:29 am,9:00 pm
"Wed, Apr 12",5:39:08 am,6:06:38 am,7:23:29 pm,7:50:59 pm,13:16:51,12:45:04 pm,5:04 am,8:25 pm,4:27 am,9:02 pm
"Thu, Apr 13",5:37:25 am,6:05:00 am,7:24:37 pm,7:52:11 pm,13:19:37,12:44:48 pm,5:02 am,8:27 pm,4:25 am,9:03 pm
"Fri, Apr 14",5:35:43 am,6:03:22 am,7:25:44 pm,7:53:23 pm,13:22:22,12:44:33 pm,5:00 am,8:28 pm,4:23 am,9:05 pm
"Sat, Apr 15",5:34:02 am,6:01:45 am,7:26:52 pm,7:54:35 pm,13:25:07,12:44:19 pm,4:58 am,8:29 pm,4:21 am,9:06 pm
"Sun, Apr 16",5:32:21 am,6:00:09 am,7:28:00 pm,7:55:47 pm,13:27:51,12:44:04 pm,4:57 am,8:31 pm,4:19 am,9:08 pm
"Mon, Apr 17",5:30:41 am,5:58:33 am,7:29:08 pm,7:57:00 pm,13:30:35,12:43:50 pm,4:55 am,8:32 pm,4:17 am,9:09 pm
"Tue, Apr 18",5:29:02 am,5:56:58 am,7:30:15 pm,7:58:12 pm,13:33:17,12:43:37 pm,4:53 am,8:33 pm,4:15 am,9:11 pm
"Wed, Apr 19",5:27:23 am,5:55:24 am,7:31:23 pm,7:59:25 pm,13:35:59,12:43:24 pm,4:51 am,8:35 pm,4:13 am,9:13 pm
"Thu, Apr 20",5:25:45 am,5:53:51 am,7:32:31 pm,8:00:38 pm,13:38:40,12:43:11 pm,4:49 am,8:36 pm,4:11 am,9:14 pm
"Fri, Apr 21",5:24:07 am,5:52:19 am,7:33:39 pm,8:01:51 pm,13:41:20,12:42:59 pm,4:48 am,8:37 pm,4:09 am,9:16 pm
"Sat, Apr 22",5:22:31 am,5:50:47 am,7:34:47 pm,8:03:03 pm,13:44:00,12:42:47 pm,4:46 am,8:39 pm,4:07 am,9:17 pm
"Sun, Apr 23",5:20:55 am,5:49:17 am,7:35:54 pm,8:04:16 pm,13:46:37,12:42:36 pm,4:44 am,8:40 pm,4:05 am,9:19 pm
"Mon, Apr 24",5:19:20 am,5:47:47 am,7:37:02 pm,8:05:30 pm,13:49:15,12:42:25 pm,4:42 am,8:41 pm,4:03 am,9:21 pm
"Tue, Apr 25",5:17:46 am,5:46:19 am,7:38:10 pm,8:06:43 pm,13:51:51,12:42:14 pm,4:41 am,8:43 pm,4:01 am,9:22 pm
"Wed, Apr 26",5:16:13 am,5:44:51 am,7:39:17 pm,8:07:56 pm,13:54:26,12:42:04 pm,4:39 am,8:44 pm,3:59 am,9:24 pm
"Thu, Apr 27",5:14:41 am,5:43:25 am,7:40:25 pm,8:09:09 pm,13:57:00,12:41:55 pm,4:37 am,8:46 pm,3:57 am,9:26 pm
"Fri, Apr 28",5:13:10 am,5:41:59 am,7:41:33 pm,8:10:22 pm,13:59:34,12:41:46 pm,4:36 am,8:47 pm,3:55 am,9:27 pm
"Sat, Apr 29",5:11:40 am,5:40:35 am,7:42:40 pm,8:11:35 pm,14:02:05,12:41:37 pm,4:34 am,8:48 pm,3:53 am,9:29 pm
"Sun, Apr 30",5:10:11 am,5:39:12 am,7:43:47 pm,8:12:49 pm,14:04:35,12:41:30 pm,4:32 am,8:50 pm,3:51 am,9:31 pm
"Mon, May 1",5:08:43 am,5:37:50 am,7:44:54 pm,8:14:02 pm,14:07:04,12:41:22 pm,4:31 am,8:51 pm,3:49 am,9:32 pm
"Tue, May 2",5:07:16 am,5:36:29 am,7:46:01 pm,8:15:15 pm,14:09:32,12:41:15 pm,4:29 am,8:53 pm,3:48 am,9:34 pm
"Wed, May 3",5:05:50 am,5:35:10 am,7:47:08 pm,8:16:28 pm,14:11:58,12:41:09 pm,4:27 am,8:54 pm,3:46 am,9:36 pm
"Thu, May 4",5:04:26 am,5:33:52 am,7:48:15 pm,8:17:40 pm,14:14:23,12:41:03 pm,4:26 am,8:55 pm,3:44 am,9:37 pm
"Fri, May 5",5:03:03 am,5:32:35 am,7:49:21 pm,8:18:53 pm,14:16:46,12:40:58 pm,4:24 am,8:57 pm,3:42 am,9:39 pm
"Sat, May 6",5:01:41 am,5:31:20 am,7:50:27 pm,8:20:05 pm,14:19:07,12:40:53 pm,4:23 am,8:58 pm,3:40 am,9:41 pm
"Sun, May 7",5:00:21 am,5:30:06 am,7:51:33 pm,8:21:17 pm,14:21:27,12:40:49 pm,4:21 am,9:00 pm,3:38 am,9:42 pm
"Mon, May 8",4:59:02 am,5:28:53 am,7:52:39 pm,8:22:29 pm,14:23:46,12:40:46 pm,4:20 am,9:01 pm,3:36 am,9:44 pm
"Tue, May 9",4:57:45 am,5:27:42 am,7:53:44 pm,8:23:41 pm,14:26:02,12:40:43 pm,4:18 am,9:02 pm,3:35 am,9:46 pm
"Wed, May 10",4:56:29 am,5:26:32 am,7:54:49 pm,8:24:52 pm,14:28:17,12:40:40 pm,4:17 am,9:04 pm,3:33 am,9:48 pm
"Thu, May 11",4:55:14 am,5:25:24 am,7:55:53 pm,8:26:03 pm,14:30:29,12:40:39 pm,4:15 am,9:05 pm,3:31 am,9:49 pm
"Fri, May 12",4:54:01 am,5:24:18 am,7:56:57 pm,8:27:14 pm,14:32:39,12:40:37 pm,4:14 am,9:06 pm,3:29 am,9:51 pm
"Sat, May 13",4:52:50 am,5:23:13 am,7:58:01 pm,8:28:24 pm,14:34:48,12:40:37 pm,4:12 am,9:08 pm,3:28 am,9:53 pm
"Sun, May 14",4:51:40 am,5:22:09 am,7:59:04 pm,8:29:33 pm,14:36:55,12:40:37 pm,4:11 am,9:09 pm,3:26 am,9:54 pm
"Mon, May 15",4:50:32 am,5:21:08 am,8:00:07 pm,8:30:43 pm,14:38:59,12:40:37 pm,4:10 am,9:10 pm,3:24 am,9:56 pm
"Tue, May 16",4:49:25 am,5:20:08 am,8:01:09 pm,8:31:51 pm,14:41:01,12:40:38 pm,4:08 am,9:12 pm,3:23 am,9:58 pm
"Wed, May 17",4:48:21 am,5:19:09 am,8:02:10 pm,8:32:59 pm,14:43:01,12:40:40 pm,4:07 am,9:13 pm,3:21 am,9:59 pm
"Thu, May 18",4:47:18 am,5:18:13 am,8:03:11 pm,8:34:06 pm,14:44:58,12:40:42 pm,4:06 am,9:14 pm,3:19 am,10:01 pm
"Fri, May 19",4:46:17 am,5:17:18 am,8:04:12 pm,8:35:13 pm,14:46:54,12:40:45 pm,4:05 am,9:16 pm,3:18 am,10:03 pm
"Sat, May 20",4:45:18 am,5:16:25 am,8:05:11 pm,8:36:18 pm,14:48:46,12:40:48 pm,4:04 am,9:17 pm,3:16 am,10:04 pm
"Sun, May 21",4:44:20 am,5:15:34 am,8:06:10 pm,8:37:23 pm,14:50:36,12:40:52 pm,4:02 am,9:18 pm,3:15 am,10:06 pm
"Mon, May 22",4:43:25 am,5:14:45 am,8:07:08 pm,8:38:27 pm,14:52:23,12:40:56 pm,4:01 am,9:20 pm,3:13 am,10:08 pm
"Tue, May 23",4:42:32 am,5:13:57 am,8:08:05 pm,8:39:30 pm,14:54:08,12:41:01 pm,4:00 am,9:21 pm,3:12 am,10:09 pm
"Wed, May 24",4:41:40 am,5:13:12 am,8:09:01 pm,8:40:33 pm,14:55:49,12:41:06 pm,3:59 am,9:22 pm,3:10 am,10:11 pm
"Thu, May 25",4:40:51 am,5:12:28 am,8:09:56 pm,8:41:34 pm,14:57:28,12:41:12 pm,3:58 am,9:23 pm,3:09 am,10:12 pm
"Fri, May 26",4:40:04 am,5:11:47 am,8:10:51 pm,8:42:34 pm,14:59:04,12:41:19 pm,3:57 am,9:24 pm,3:08 am,10:14 pm
"Sat, May 27",4:39:18 am,5:11:07 am,8:11:44 pm,8:43:33 pm,15:00:37,12:41:25 pm,3:56 am,9:26 pm,3:06 am,10:15 pm
"Sun, May 28",4:38:35 am,5:10:29 am,8:12:36 pm,8:44:30 pm,15:02:07,12:41:33 pm,3:55 am,9:27 pm,3:05 am,10:17 pm
"Mon, May 29",4:37:54 am,5:09:54 am,8:13:27 pm,8:45:27 pm,15:03:33,12:41:41 pm,3:55 am,9:28 pm,3:04 am,10:18 pm
"Tue, May 30",4:37:15 am,5:09:20 am,8:14:17 pm,8:46:22 pm,15:04:57,12:41:49 pm,3:54 am,9:29 pm,3:03 am,10:20 pm
"Wed, May 31",4:36:39 am,5:08:49 am,8:15:06 pm,8:47:16 pm,15:06:17,12:41:57 pm,3:53 am,9:30 pm,3:02 am,10:21 pm
"Thu, Jun 1",4:36:04 am,5:08:19 am,8:15:54 pm,8:48:08 pm,15:07:35,12:42:06 pm,3:52 am,9:31 pm,3:01 am,10:22 pm
"Fri, Jun 2",4:35:32 am,5:07:52 am,8:16:40 pm,8:48:59 pm,15:08:48,12:42:16 pm,3:52 am,9:32 pm,3:00 am,10:24 pm
"Sat, Jun 3",4:35:03 am,5:07:26 am,8:17:25 pm,8:49:49 pm,15:09:59,12:42:26 pm,3:51 am,9:33 pm,2:59 am,10:25 pm
"Sun, Jun 4",4:34:35 am,5:07:03 am,8:18:08 pm,8:50:37 pm,15:11:05,12:42:36 pm,3:50 am,9:34 pm,2:58 am,10:26 pm
"Mon, Jun 5",4:34:10 am,5:06:42 am,8:18:51 pm,8:51:23 pm,15:12:09,12:42:46 pm,3:50 am,9:35 pm,2:57 am,10:27 pm
"Tue, Jun 6",4:33:47 am,5:06:23 am,8:19:31 pm,8:52:08 pm,15:13:08,12:42:57 pm,3:49 am,9:36 pm,2:56 am,10:29 pm
"Wed, Jun 7",4:33:26 am,5:06:06 am,8:20:10 pm,8:52:50 pm,15:14:04,12:43:08 pm,3:49 am,9:37 pm,2:56 am,10:30 pm
"Thu, Jun 8",4:33:08 am,5:05:51 am,8:20:48 pm,8:53:31 pm,15:14:57,12:43:20 pm,3:48 am,9:37 pm,2:55 am,10:31 pm
"Fri, Jun 9",4:32:52 am,5:05:39 am,8:21:24 pm,8:54:11 pm,15:15:45,12:43:31 pm,3:48 am,9:38 pm,2:54 am,10:32 pm
"Sat, Jun 10",4:32:38 am,5:05:28 am,8:21:58 pm,8:54:48 pm,15:16:30,12:43:43 pm,3:48 am,9:39 pm,2:54 am,10:33 pm
"Sun, Jun 11",4:32:27 am,5:05:20 am,8:22:31 pm,8:55:23 pm,15:17:11,12:43:55 pm,3:47 am,9:39 pm,2:53 am,10:33 pm
"Mon, Jun 12",4:32:18 am,5:05:14 am,8:23:02 pm,8:55:57 pm,15:17:48,12:44:08 pm,3:47 am,9:40 pm,2:53 am,10:34 pm
"Tue, Jun 13",4:32:12 am,5:05:09 am,8:23:31 pm,8:56:28 pm,15:18:22,12:44:20 pm,3:47 am,9:41 pm,2:53 am,10:35 pm
"Wed, Jun 14",4:32:08 am,5:05:07 am,8:23:58 pm,8:56:58 pm,15:18:51,12:44:33 pm,3:47 am,9:41 pm,2:52 am,10:36 pm
"Thu, Jun 15",4:32:06 am,5:05:07 am,8:24:24 pm,8:57:25 pm,15:19:17,12:44:46 pm,3:47 am,9:42 pm,2:52 am,10:36 pm
"Fri, Jun 16",4:32:07 am,5:05:09 am,8:24:48 pm,8:57:50 pm,15:19:39,12:44:59 pm,3:47 am,9:42 pm,2:52 am,10:37 pm
"Sat, Jun 17",4:32:10 am,5:05:14 am,8:25:09 pm,8:58:13 pm,15:19:55,12:45:12 pm,3:47 am,9:43 pm,2:52 am,10:38 pm
"Sun, Jun 18",4:32:15 am,5:05:20 am,8:25:29 pm,8:58:34 pm,15:20:09,12:45:25 pm,3:47 am,9:43 pm,2:52 am,10:38 pm
"Mon, Jun 19",4:32:23 am,5:05:28 am,8:25:47 pm,8:58:53 pm,15:20:19,12:45:38 pm,3:47 am,9:43 pm,2:52 am,10:38 pm
"Tue, Jun 20",4:32:32 am,5:05:38 am,8:26:03 pm,8:59:09 pm,15:20:25,12:45:51 pm,3:47 am,9:44 pm,2:52 am,10:39 pm
"Wed, Jun 21",4:32:45 am,5:05:51 am,8:26:17 pm,8:59:23 pm,15:20:26,12:46:04 pm,3:47 am,9:44 pm,2:52 am,10:39 pm
"Thu, Jun 22",4:32:59 am,5:06:05 am,8:26:29 pm,8:59:35 pm,15:20:24,12:46:17 pm,3:47 am,9:44 pm,2:53 am,10:39 pm
"Fri, Jun 23",4:33:15 am,5:06:21 am,8:26:39 pm,8:59:44 pm,15:20:18,12:46:30 pm,3:48 am,9:44 pm,2:53 am,10:39 pm
"Sat, Jun 24",4:33:34 am,5:06:39 am,8:26:46 pm,8:59:51 pm,15:20:07,12:46:43 pm,3:48 am,9:44 pm,2:53 am,10:39 pm
"Sun, Jun 25",4:33:55 am,5:06:59 am,8:26:52 pm,8:59:56 pm,15:19:53,12:46:56 pm,3:48 am,9:44 pm,2:54 am,10:39 pm
"Mon, Jun 26",4:34:18 am,5:07:21 am,8:26:56 pm,8:59:58 pm,15:19:35,12:47:08 pm,3:49 am,9:44 pm,2:54 am,10:39 pm
"Tue, Jun 27",4:34:43 am,5:07:44 am,8:26:57 pm,8:59:58 pm,15:19:13,12:47:21 pm,3:49 am,9:44 pm,2:55 am,10:39 pm
"Wed, Jun 28",4:35:10 am,5:08:10 am,8:26:56 pm,8:59:56 pm,15:18:46,12:47:33 pm,3:50 am,9:44 pm,2:55 am,10:39 pm
"Thu, Jun 29",4:35:40 am,5:08:37 am,8:26:54 pm,8:59:51 pm,15:18:17,12:47:45 pm,3:50 am,9:44 pm,2:56 am,10:38 pm
"Fri, Jun 30",4:36:11 am,5:09:06 am,8:26:49 pm,8:59:43 pm,15:17:43,12:47:57 pm,3:51 am,9:44 pm,2:57 am,10:38 pm
"Sat, Jul 1",4:36:44 am,5:09:36 am,8:26:41 pm,8:59:34 pm,15:17:05,12:48:09 pm,3:52 am,9:44 pm,2:58 am,10:38 pm
"Sun, Jul 2",4:37:19 am,5:10:08 am,8:26:32 pm,8:59:22 pm,15:16:24,12:48:20 pm,3:52 am,9:43 pm,2:59 am,10:37 pm
"Mon, Jul 3",4:37:56 am,5:10:42 am,8:26:21 pm,8:59:07 pm,15:15:39,12:48:31 pm,3:53 am,9:43 pm,2:59 am,10:37 pm
"Tue, Jul 4",4:38:34 am,5:11:17 am,8:26:07 pm,8:58:50 pm,15:14:50,12:48:42 pm,3:54 am,9:43 pm,3:00 am,10:36 pm
"Wed, Jul 5",4:39:15 am,5:11:54 am,8:25:51 pm,8:58:31 pm,15:13:57,12:48:53 pm,3:55 am,9:42 pm,3:01 am,10:35 pm
"Thu, Jul 6",4:39:57 am,5:12:33 am,8:25:33 pm,8:58:09 pm,15:13:00,12:49:03 pm,3:55 am,9:42 pm,3:03 am,10:35 pm
"Fri, Jul 7",4:40:40 am,5:13:12 am,8:25:13 pm,8:57:45 pm,15:12:01,12:49:13 pm,3:56 am,9:41 pm,3:04 am,10:34 pm
"Sat, Jul 8",4:41:26 am,5:13:53 am,8:24:51 pm,8:57:19 pm,15:10:58,12:49:22 pm,3:57 am,9:41 pm,3:05 am,10:33 pm
"Sun, Jul 9",4:42:12 am,5:14:36 am,8:24:26 pm,8:56:50 pm,15:09:50,12:49:31 pm,3:58 am,9:40 pm,3:06 am,10:32 pm
"Mon, Jul 10",4:43:01 am,5:15:20 am,8:24:00 pm,8:56:19 pm,15:08:40,12:49:40 pm,3:59 am,9:39 pm,3:07 am,10:31 pm
"Tue, Jul 11",4:43:50 am,5:16:05 am,8:23:31 pm,8:55:45 pm,15:07:26,12:49:48 pm,4:00 am,9:39 pm,3:09 am,10:30 pm
"Wed, Jul 12",4:44:41 am,5:16:51 am,8:23:00 pm,8:55:10 pm,15:06:09,12:49:56 pm,4:01 am,9:38 pm,3:10 am,10:29 pm
"Thu, Jul 13",4:45:34 am,5:17:38 am,8:22:27 pm,8:54:32 pm,15:04:49,12:50:03 pm,4:02 am,9:37 pm,3:11 am,10:28 pm
"Fri, Jul 14",4:46:27 am,5:18:27 am,8:21:52 pm,8:53:52 pm,15:03:25,12:50:10 pm,4:03 am,9:36 pm,3:13 am,10:27 pm
"Sat, Jul 15",4:47:22 am,5:19:16 am,8:21:15 pm,8:53:09 pm,15:01:59,12:50:16 pm,4:04 am,9:35 pm,3:14 am,10:25 pm
"Sun, Jul 16",4:48:18 am,5:20:07 am,8:20:36 pm,8:52:25 pm,15:00:29,12:50:22 pm,4:05 am,9:34 pm,3:15 am,10:24 pm
"Mon, Jul 17",4:49:15 am,5:20:58 am,8:19:55 pm,8:51:38 pm,14:58:57,12:50:27 pm,4:06 am,9:33 pm,3:17 am,10:23 pm
"Tue, Jul 18",4:50:13 am,5:21:51 am,8:19:12 pm,8:50:50 pm,14:57:21,12:50:32 pm,4:08 am,9:32 pm,3:18 am,10:22 pm
"Wed, Jul 19",4:51:13 am,5:22:44 am,8:18:27 pm,8:49:59 pm,14:55:43,12:50:36 pm,4:09 am,9:31 pm,3:20 am,10:20 pm
"Thu, Jul 20",4:52:13 am,5:23:38 am,8:17:40 pm,8:49:06 pm,14:54:02,12:50:39 pm,4:10 am,9:30 pm,3:22 am,10:19 pm
"Fri, Jul 21",4:53:14 am,5:24:33 am,8:16:51 pm,8:48:11 pm,14:52:18,12:50:42 pm,4:11 am,9:29 pm,3:23 am,10:17 pm
"Sat, Jul 22",4:54:15 am,5:25:29 am,8:16:01 pm,8:47:14 pm,14:50:32,12:50:45 pm,4:12 am,9:28 pm,3:25 am,10:16 pm
"Sun, Jul 23",4:55:18 am,5:26:26 am,8:15:08 pm,8:46:16 pm,14:48:42,12:50:47 pm,4:14 am,9:27 pm,3:26 am,10:14 pm
"Mon, Jul 24",4:56:21 am,5:27:23 am,8:14:13 pm,8:45:15 pm,14:46:50,12:50:48 pm,4:15 am,9:26 pm,3:28 am,10:13 pm
"Tue, Jul 25",4:57:25 am,5:28:21 am,8:13:17 pm,8:44:12 pm,14:44:56,12:50:49 pm,4:16 am,9:25 pm,3:29 am,10:11 pm
"Wed, Jul 26",4:58:30 am,5:29:19 am,8:12:19 pm,8:43:08 pm,14:43:00,12:50:49 pm,4:17 am,9:23 pm,3:31 am,10:10 pm
"Thu, Jul 27",4:59:35 am,5:30:18 am,8:11:19 pm,8:42:02 pm,14:41:01,12:50:49 pm,4:19 am,9:22 pm,3:33 am,10:08 pm
"Fri, Jul 28",5:00:41 am,5:31:17 am,8:10:18 pm,8:40:54 pm,14:39:01,12:50:47 pm,4:20 am,9:21 pm,3:34 am,10:06 pm
"Sat, Jul 29",5:01:47 am,5:32:17 am,8:09:14 pm,8:39:44 pm,14:36:57,12:50:46 pm,4:21 am,9:19 pm,3:36 am,10:05 pm
"Sun, Jul 30",5:02:54 am,5:33:18 am,8:08:10 pm,8:38:33 pm,14:34:52,12:50:44 pm,4:23 am,9:18 pm,3:38 am,10:03 pm
"Mon, Jul 31",5:04:01 am,5:34:18 am,8:07:03 pm,8:37:20 pm,14:32:45,12:50:41 pm,4:24 am,9:17 pm,3:39 am,10:01 pm
"Tue, Aug 1",5:05:09 am,5:35:19 am,8:05:55 pm,8:36:06 pm,14:30:36,12:50:37 pm,4:25 am,9:15 pm,3:41 am,9:59 pm
"Wed, Aug 2",5:06:17 am,5:36:21 am,8:04:45 pm,8:34:50 pm,14:28:24,12:50:33 pm,4:26 am,9:14 pm,3:43 am,9:58 pm
"Thu, Aug 3",5:07:25 am,5:37:23 am,8:03:34 pm,8:33:32 pm,14:26:11,12:50:28 pm,4:28 am,9:12 pm,3:44 am,9:56 pm
"Fri, Aug 4",5:08:33 am,5:38:25 am,8:02:21 pm,8:32:13 pm,14:23:56,12:50:23 pm,4:29 am,9:11 pm,3:46 am,9:54 pm
"Sat, Aug 5",5:09:42 am,5:39:27 am,8:01:07 pm,8:30:53 pm,14:21:40,12:50:17 pm,4:30 am,9:09 pm,3:47 am,9:52 pm
"Sun, Aug 6",5:10:51 am,5:40:30 am,7:59:51 pm,8:29:31 pm,14:19:21,12:50:11 pm,4:32 am,9:08 pm,3:49 am,9:50 pm
"Mon, Aug 7",5:12:00 am,5:41:33 am,7:58:34 pm,8:28:08 pm,14:17:01,12:50:04 pm,4:33 am,9:06 pm,3:51 am,9:48 pm
"Tue, Aug 8",5:13:09 am,5:42:36 am,7:57:16 pm,8:26:43 pm,14:14:40,12:49:56 pm,4:34 am,9:04 pm,3:52 am,9:46 pm
"Wed, Aug 9",5:14:18 am,5:43:39 am,7:55:56 pm,8:25:17 pm,14:12:17,12:49:48 pm,4:36 am,9:03 pm,3:54 am,9:45 pm
"Thu, Aug 10",5:15:27 am,5:44:42 am,7:54:35 pm,8:23:50 pm,14:09:53,12:49:39 pm,4:37 am,9:01 pm,3:56 am,9:43 pm
"Fri, Aug 11",5:16:37 am,5:45:46 am,7:53:13 pm,8:22:22 pm,14:07:27,12:49:29 pm,4:38 am,9:00 pm,3:57 am,9:41 pm
"Sat, Aug 12",5:17:46 am,5:46:49 am,7:51:49 pm,8:20:52 pm,14:05:00,12:49:19 pm,4:40 am,8:58 pm,3:59 am,9:39 pm
"Sun, Aug 13",5:18:56 am,5:47:53 am,7:50:25 pm,8:19:22 pm,14:02:32,12:49:09 pm,4:41 am,8:56 pm,4:01 am,9:37 pm
"Mon, Aug 14",5:20:05 am,5:48:57 am,7:48:59 pm,8:17:50 pm,14:00:02,12:48:58 pm,4:42 am,8:54 pm,4:02 am,9:35 pm
"Tue, Aug 15",5:21:15 am,5:50:00 am,7:47:32 pm,8:16:18 pm,13:57:32,12:48:46 pm,4:44 am,8:53 pm,4:04 am,9:33 pm
"Wed, Aug 16",5:22:24 am,5:51:04 am,7:46:04 pm,8:14:44 pm,13:55:00,12:48:34 pm,4:45 am,8:51 pm,4:05 am,9:31 pm
"Thu, Aug 17",5:23:33 am,5:52:08 am,7:44:35 pm,8:13:09 pm,13:52:27,12:48:21 pm,4:46 am,8:49 pm,4:07 am,9:29 pm
"Fri, Aug 18",5:24:42 am,5:53:12 am,7:43:04 pm,8:11:34 pm,13:49:52,12:48:08 pm,4:48 am,8:48 pm,4:08 am,9:27 pm
"Sat, Aug 19",5:25:52 am,5:54:16 am,7:41:33 pm,8:09:57 pm,13:47:17,12:47:54 pm,4:49 am,8:46 pm,4:10 am,9:25 pm
"Sun, Aug 20",5:27:01 am,5:55:19 am,7:40:01 pm,8:08:20 pm,13:44:42,12:47:40 pm,4:50 am,8:44 pm,4:12 am,9:23 pm
"Mon, Aug 21",5:28:10 am,5:56:23 am,7:38:28 pm,8:06:42 pm,13:42:05,12:47:26 pm,4:52 am,8:42 pm,4:13 am,9:21 pm
"Tue, Aug 22",5:29:18 am,5:57:27 am,7:36:54 pm,8:05:03 pm,13:39:27,12:47:10 pm,4:53 am,8:40 pm,4:15 am,9:19 pm
"Wed, Aug 23",5:30:27 am,5:58:31 am,7:35:19 pm,8:03:23 pm,13:36:48,12:46:55 pm,4:54 am,8:39 pm,4:16 am,9:17 pm
"Thu, Aug 24",5:31:35 am,5:59:34 am,7:33:43 pm,8:01:42 pm,13:34:09,12:46:39 pm,4:56 am,8:37 pm,4:18 am,9:15 pm
"Fri, Aug 25",5:32:44 am,6:00:38 am,7:32:07 pm,8:00:01 pm,13:31:29,12:46:22 pm,4:57 am,8:35 pm,4:19 am,9:13 pm
"Sat, Aug 26",5:33:52 am,6:01:42 am,7:30:29 pm,7:58:19 pm,13:28:47,12:46:06 pm,4:58 am,8:33 pm,4:21 am,9:11 pm
"Sun, Aug 27",5:35:00 am,6:02:45 am,7:28:51 pm,7:56:37 pm,13:26:06,12:45:48 pm,4:59 am,8:31 pm,4:22 am,9:09 pm
"Mon, Aug 28",5:36:08 am,6:03:49 am,7:27:13 pm,7:54:54 pm,13:23:24,12:45:31 pm,5:01 am,8:29 pm,4:24 am,9:06 pm
"Tue, Aug 29",5:37:16 am,6:04:52 am,7:25:33 pm,7:53:10 pm,13:20:41,12:45:13 pm,5:02 am,8:28 pm,4:25 am,9:04 pm
"Wed, Aug 30",5:38:23 am,6:05:56 am,7:23:53 pm,7:51:26 pm,13:17:57,12:44:55 pm,5:03 am,8:26 pm,4:26 am,9:02 pm
"Thu, Aug 31",5:39:30 am,6:06:59 am,7:22:13 pm,7:49:42 pm,13:15:14,12:44:36 pm,5:04 am,8:24 pm,4:28 am,9:00 pm
"Fri, Sep 1",5:40:38 am,6:08:03 am,7:20:31 pm,7:47:56 pm,13:12:28,12:44:17 pm,5:06 am,8:22 pm,4:29 am,8:58 pm
"Sat, Sep 2",5:41:45 am,6:09:06 am,7:18:50 pm,7:46:11 pm,13:09:44,12:43:58 pm,5:07 am,8:20 pm,4:31 am,8:56 pm
"Sun, Sep 3",5:42:51 am,6:10:09 am,7:17:07 pm,7:44:25 pm,13:06:58,12:43:38 pm,5:08 am,8:18 pm,4:32 am,8:54 pm
"Mon, Sep 4",5:43:58 am,6:11:12 am,7:15:25 pm,7:42:39 pm,13:04:13,12:43:19 pm,5:09 am,8:16 pm,4:33 am,8:52 pm
"Tue, Sep 5",5:45:05 am,6:12:16 am,7:13:41 pm,7:40:52 pm,13:01:25,12:42:59 pm,5:10 am,8:15 pm,4:35 am,8:50 pm
"Wed, Sep 6",5:46:11 am,6:13:19 am,7:11:58 pm,7:39:06 pm,12:58:39,12:42:38 pm,5:12 am,8:13 pm,4:36 am,8:48 pm
"Thu, Sep 7",5:47:17 am,6:14:22 am,7:10:14 pm,7:37:18 pm,12:55:52,12:42:18 pm,5:13 am,8:11 pm,4:38 am,8:46 pm
"Fri, Sep 8",5:48:23 am,6:15:25 am,7:08:29 pm,7:35:31 pm,12:53:04,12:41:57 pm,5:14 am,8:09 pm,4:39 am,8:44 pm
"Sat, Sep 9",5:49:29 am,6:16:28 am,7:06:45 pm,7:33:44 pm,12:50:17,12:41:36 pm,5:15 am,8:07 pm,4:40 am,8:42 pm
"Sun, Sep 10",5:50:35 am,6:17:32 am,7:04:59 pm,7:31:56 pm,12:47:27,12:41:16 pm,5:16 am,8:05 pm,4:42 am,8:40 pm
"Mon, Sep 11",5:51:41 am,6:18:35 am,7:03:14 pm,7:30:08 pm,12:44:39,12:40:54 pm,5:18 am,8:03 pm,4:43 am,8:38 pm
"Tue, Sep 12",5:52:46 am,6:19:38 am,7:01:29 pm,7:28:20 pm,12:41:51,12:40:33 pm,5:19 am,8:01 pm,4:44 am,8:36 pm
"Wed, Sep 13",5:53:52 am,6:20:41 am,6:59:43 pm,7:26:32 pm,12:39:02,12:40:12 pm,5:20 am,7:59 pm,4:45 am,8:34 pm
"Thu, Sep 14",5:54:57 am,6:21:44 am,6:57:57 pm,7:24:44 pm,12:36:13,12:39:51 pm,5:21 am,7:58 pm,4:47 am,8:32 pm
"Fri, Sep 15",5:56:03 am,6:22:48 am,6:56:11 pm,7:22:56 pm,12:33:23,12:39:29 pm,5:22 am,7:56 pm,4:48 am,8:30 pm
"Sat, Sep 16",5:57:08 am,6:23:51 am,6:54:24 pm,7:21:08 pm,12:30:33,12:39:08 pm,5:23 am,7:54 pm,4:49 am,8:28 pm
"Sun, Sep 17",5:58:13 am,6:24:55 am,6:52:38 pm,7:19:20 pm,12:27:43,12:38:46 pm,5:25 am,7:52 pm,4:51 am,8:26 pm
"Mon, Sep 18",5:59:18 am,6:25:58 am,6:50:52 pm,7:17:32 pm,12:24:54,12:38:25 pm,5:26 am,7:50 pm,4:52 am,8:24 pm
"Tue, Sep 19",6:00:23 am,6:27:02 am,6:49:05 pm,7:15:44 pm,12:22:03,12:38:03 pm,5:27 am,7:48 pm,4:53 am,8:22 pm
"Wed, Sep 20",6:01:28 am,6:28:05 am,6:47:19 pm,7:13:56 pm,12:19:14,12:37:42 pm,5:28 am,7:46 pm,4:54 am,8:20 pm
"Thu, Sep 21",6:02:33 am,6:29:09 am,6:45:32 pm,7:12:09 pm,12:16:23,12:37:21 pm,5:29 am,7:45 pm,4:55 am,8:18 pm
"Fri, Sep 22",6:03:38 am,6:30:13 am,6:43:46 pm,7:10:21 pm,12:13:33,12:37:00 pm,5:30 am,7:43 pm,4:57 am,8:16 pm
"Sat, Sep 23",6:04:43 am,6:31:17 am,6:42:00 pm,7:08:34 pm,12:10:43,12:36:39 pm,5:31 am,7:41 pm,4:58 am,8:14 pm
"Sun, Sep 24",6:05:48 am,6:32:21 am,6:40:14 pm,7:06:47 pm,12:07:53,12:36:18 pm,5:33 am,7:39 pm,4:59 am,8:12 pm
"Mon, Sep 25",6:06:53 am,6:33:26 am,6:38:28 pm,7:05:01 pm,12:05:02,12:35:57 pm,5:34 am,7:37 pm,5:00 am,8:11 pm
"Tue, Sep 26",6:07:58 am,6:34:30 am,6:36:42 pm,7:03:14 pm,12:02:12,12:35:36 pm,5:35 am,7:35 pm,5:02 am,8:09 pm
"Wed, Sep 27",6:09:03 am,6:35:35 am,6:34:56 pm,7:01:28 pm,11:59:21,12:35:16 pm,5:36 am,7:34 pm,5:03 am,8:07 pm
"Thu, Sep 28",6:10:08 am,6:36:40 am,6:33:11 pm,6:59:43 pm,11:56:31,12:34:55 pm,5:37 am,7:32 pm,5:04 am,8:05 pm
"Fri, Sep 29",6:11:13 am,6:37:45 am,6:31:26 pm,6:57:58 pm,11:53:41,12:34:35 pm,5:38 am,7:30 pm,5:05 am,8:03 pm
"Sat, Sep 30",6:12:18 am,6:38:50 am,6:29:41 pm,6:56:13 pm,11:50:51,12:34:16 pm,5:39 am,7:28 pm,5:06 am,8:01 pm
"Sun, Oct 1",6:13:23 am,6:39:56 am,6:27:56 pm,6:54:29 pm,11:48:00,12:33:56 pm,5:40 am,7:27 pm,5:07 am,7:59 pm
"Mon, Oct 2",6:14:29 am,6:41:02 am,6:26:12 pm,6:52:45 pm,11:45:10,12:33:37 pm,5:41 am,7:25 pm,5:09 am,7:58 pm
"Tue, Oct 3",6:15:34 am,6:42:07 am,6:24:28 pm,6:51:02 pm,11:42:21,12:33:18 pm,5:43 am,7:23 pm,5:10 am,7:56 pm
"Wed, Oct 4",6:16:40 am,6:43:14 am,6:22:45 pm,6:49:19 pm,11:39:31,12:32:59 pm,5:44 am,7:21 pm,5:11 am,7:54 pm
"Thu, Oct 5",6:17:46 am,6:44:20 am,6:21:02 pm,6:47:37 pm,11:36:42,12:32:41 pm,5:45 am,7:20 pm,5:12 am,7:52 pm
"Fri, Oct 6",6:18:51 am,6:45:27 am,6:19:20 pm,6:45:55 pm,11:33:53,12:32:23 pm,5:46 am,7:18 pm,5:13 am,7:51 pm
"Sat, Oct 7",6:19:57 am,6:46:34 am,6:17:38 pm,6:44:14 pm,11:31:04,12:32:06 pm,5:47 am,7:16 pm,5:14 am,7:49 pm
"Sun, Oct 8",6:21:04 am,6:47:41 am,6:15:57 pm,6:42:34 pm,11:28:16,12:31:49 pm,5:48 am,7:15 pm,5:15 am,7:47 pm
"Mon, Oct 9",6:22:10 am,6:48:49 am,6:14:16 pm,6:40:55 pm,11:25:27,12:31:32 pm,5:49 am,7:13 pm,5:17 am,7:46 pm
"Tue, Oct 10",6:23:16 am,6:49:56 am,6:12:36 pm,6:39:16 pm,11:22:40,12:31:16 pm,5:50 am,7:11 pm,5:18 am,7:44 pm
"Wed, Oct 11",6:24:23 am,6:51:05 am,6:10:56 pm,6:37:38 pm,11:19:51,12:31:00 pm,5:51 am,7:10 pm,5:19 am,7:42 pm
"Thu, Oct 12",6:25:30 am,6:52:13 am,6:09:17 pm,6:36:01 pm,11:17:04,12:30:45 pm,5:52 am,7:08 pm,5:20 am,7:41 pm
"Fri, Oct 13",6:26:37 am,6:53:22 am,6:07:39 pm,6:34:24 pm,11:14:17,12:30:31 pm,5:54 am,7:06 pm,5:21 am,7:39 pm
"Sat, Oct 14",6:27:44 am,6:54:31 am,6:06:02 pm,6:32:49 pm,11:11:31,12:30:16 pm,5:55 am,7:05 pm,5:22 am,7:37 pm
"Sun, Oct 15",6:28:51 am,6:55:40 am,6:04:25 pm,6:31:14 pm,11:08:45,12:30:03 pm,5:56 am,7:03 pm,5:23 am,7:36 pm
"Mon, Oct 16",6:29:59 am,6:56:50 am,6:02:50 pm,6:29:41 pm,11:06:00,12:29:50 pm,5:57 am,7:02 pm,5:24 am,7:34 pm
"Tue, Oct 17",6:31:06 am,6:58:00 am,6:01:15 pm,6:28:08 pm,11:03:15,12:29:37 pm,5:58 am,7:00 pm,5:26 am,7:33 pm
"Wed, Oct 18",6:32:14 am,6:59:10 am,5:59:41 pm,6:26:36 pm,11:00:31,12:29:25 pm,5:59 am,6:59 pm,5:27 am,7:31 pm
"Thu, Oct 19",6:33:22 am,7:00:21 am,5:58:08 pm,6:25:06 pm,10:57:47,12:29:14 pm,6:00 am,6:57 pm,5:28 am,7:30 pm
"Fri, Oct 20",6:34:31 am,7:01:32 am,5:56:35 pm,6:23:36 pm,10:55:03,12:29:03 pm,6:01 am,6:56 pm,5:29 am,7:28 pm
"Sat, Oct 21",6:35:39 am,7:02:43 am,5:55:04 pm,6:22:08 pm,10:52:21,12:28:53 pm,6:02 am,6:54 pm,5:30 am,7:27 pm
"Sun, Oct 22",6:36:48 am,7:03:54 am,5:53:34 pm,6:20:40 pm,10:49:40,12:28:44 pm,6:04 am,6:53 pm,5:31 am,7:25 pm
"Mon, Oct 23",6:37:57 am,7:05:06 am,5:52:05 pm,6:19:14 pm,10:46:59,12:28:36 pm,6:05 am,6:52 pm,5:32 am,7:24 pm
"Tue, Oct 24",6:39:06 am,7:06:18 am,5:50:37 pm,6:17:49 pm,10:44:19,12:28:28 pm,6:06 am,6:50 pm,5:33 am,7:23 pm
"Wed, Oct 25",6:40:15 am,7:07:31 am,5:49:10 pm,6:16:25 pm,10:41:39,12:28:20 pm,6:07 am,6:49 pm,5:34 am,7:21 pm
"Thu, Oct 26",6:41:25 am,7:08:43 am,5:47:44 pm,6:15:03 pm,10:39:01,12:28:14 pm,6:08 am,6:47 pm,5:35 am,7:20 pm
"Fri, Oct 27",6:42:35 am,7:09:56 am,5:46:20 pm,6:13:42 pm,10:36:24,12:28:08 pm,6:09 am,6:46 pm,5:37 am,7:19 pm
"Sat, Oct 28",6:43:44 am,7:11:09 am,5:44:57 pm,6:12:22 pm,10:33:48,12:28:03 pm,6:10 am,6:45 pm,5:38 am,7:17 pm
"Sun, Oct 29",6:44:54 am,7:12:23 am,5:43:35 pm,6:11:03 pm,10:31:12,12:27:59 pm,6:11 am,6:44 pm,5:39 am,7:16 pm
"Mon, Oct 30",6:46:04 am,7:13:36 am,5:42:14 pm,6:09:46 pm,10:28:38,12:27:55 pm,6:13 am,6:42 pm,5:40 am,7:15 pm
"Tue, Oct 31",6:47:15 am,7:14:50 am,5:40:55 pm,6:08:30 pm,10:26:05,12:27:52 pm,6:14 am,6:41 pm,5:41 am,7:14 pm
"Wed, Nov 1",6:48:25 am,7:16:04 am,5:39:37 pm,6:07:16 pm,10:23:33,12:27:51 pm,6:15 am,6:40 pm,5:42 am,7:13 pm
"Thu, Nov 2",6:49:35 am,7:17:18 am,5:38:20 pm,6:06:03 pm,10:21:02,12:27:49 pm,6:16 am,6:39 pm,5:43 am,7:11 pm
"Fri, Nov 3",6:50:46 am,7:18:33 am,5:37:05 pm,6:04:52 pm,10:18:32,12:27:49 pm,6:17 am,6:38 pm,5:44 am,7:10 pm
"Sat, Nov 4",6:51:57 am,7:19:47 am,5:35:52 pm,6:03:42 pm,10:16:05,12:27:50 pm,6:18 am,6:37 pm,5:45 am,7:09 pm
"Sun, Nov 5",5:53:07 am,6:21:02 am,4:34:40 pm,5:02:34 pm,10:13:38,11:27:51 am,5:19 am,5:35 pm,4:46 am,6:08 pm
"Mon, Nov 6",5:54:18 am,6:22:17 am,4:33:29 pm,5:01:28 pm,10:11:12,11:27:53 am,5:20 am,5:34 pm,4:48 am,6:07 pm
"Tue, Nov 7",5:55:29 am,6:23:31 am,4:32:20 pm,5:00:23 pm,10:08:49,11:27:56 am,5:22 am,5:33 pm,4:49 am,6:06 pm
"Wed, Nov 8",5:56:39 am,6:24:46 am,4:31:13 pm,4:59:20 pm,10:06:27,11:28:00 am,5:23 am,5:32 pm,4:50 am,6:05 pm
"Thu, Nov 9",5:57:50 am,6:26:01 am,4:30:08 pm,4:58:19 pm,10:04:07,11:28:04 am,5:24 am,5:31 pm,4:51 am,6:04 pm
"Fri, Nov 10",5:59:01 am,6:27:16 am,4:29:04 pm,4:57:19 pm,10:01:48,11:28:10 am,5:25 am,5:30 pm,4:52 am,6:03 pm
"Sat, Nov 11",6:00:11 am,6:28:30 am,4:28:02 pm,4:56:21 pm,09:59:32,11:28:16 am,5:26 am,5:30 pm,4:53 am,6:03 pm
"Sun, Nov 12",6:01:21 am,6:29:45 am,4:27:02 pm,4:55:25 pm,09:57:17,11:28:23 am,5:27 am,5:29 pm,4:54 am,6:02 pm
"Mon, Nov 13",6:02:32 am,6:30:59 am,4:26:04 pm,4:54:31 pm,09:55:05,11:28:31 am,5:28 am,5:28 pm,4:55 am,6:01 pm
"Tue, Nov 14",6:03:42 am,6:32:14 am,4:25:07 pm,4:53:39 pm,09:52:53,11:28:40 am,5:29 am,5:27 pm,4:56 am,6:00 pm
"Wed, Nov 15",6:04:51 am,6:33:28 am,4:24:13 pm,4:52:49 pm,09:50:45,11:28:50 am,5:30 am,5:26 pm,4:57 am,5:59 pm
"Thu, Nov 16",6:06:01 am,6:34:41 am,4:23:20 pm,4:52:00 pm,09:48:39,11:29:01 am,5:31 am,5:26 pm,4:58 am,5:59 pm
"Fri, Nov 17",6:07:10 am,6:35:55 am,4:22:29 pm,4:51:14 pm,09:46:34,11:29:12 am,5:33 am,5:25 pm,4:59 am,5:58 pm
"Sat, Nov 18",6:08:19 am,6:37:08 am,4:21:41 pm,4:50:30 pm,09:44:33,11:29:24 am,5:34 am,5:24 pm,5:00 am,5:57 pm
"Sun, Nov 19",6:09:28 am,6:38:21 am,4:20:54 pm,4:49:47 pm,09:42:33,11:29:37 am,5:35 am,5:24 pm,5:01 am,5:57 pm
"Mon, Nov 20",6:10:36 am,6:39:33 am,4:20:10 pm,4:49:07 pm,09:40:37,11:29:51 am,5:36 am,5:23 pm,5:02 am,5:56 pm
"Tue, Nov 21",6:11:43 am,6:40:45 am,4:19:27 pm,4:48:29 pm,09:38:42,11:30:06 am,5:37 am,5:22 pm,5:03 am,5:56 pm
"Wed, Nov 22",6:12:51 am,6:41:56 am,4:18:47 pm,4:47:53 pm,09:36:51,11:30:22 am,5:38 am,5:22 pm,5:04 am,5:55 pm
"Thu, Nov 23",6:13:57 am,6:43:07 am,4:18:09 pm,4:47:19 pm,09:35:02,11:30:38 am,5:39 am,5:21 pm,5:05 am,5:55 pm
"Fri, Nov 24",6:15:03 am,6:44:17 am,4:17:33 pm,4:46:47 pm,09:33:16,11:30:55 am,5:40 am,5:21 pm,5:06 am,5:54 pm
"Sat, Nov 25",6:16:09 am,6:45:26 am,4:16:59 pm,4:46:17 pm,09:31:33,11:31:13 am,5:41 am,5:20 pm,5:07 am,5:54 pm
"Sun, Nov 26",6:17:14 am,6:46:35 am,4:16:28 pm,4:45:49 pm,09:29:53,11:31:32 am,5:42 am,5:20 pm,5:08 am,5:54 pm
"Mon, Nov 27",6:18:18 am,6:47:43 am,4:15:59 pm,4:45:24 pm,09:28:16,11:31:51 am,5:43 am,5:20 pm,5:09 am,5:53 pm
"Tue, Nov 28",6:19:21 am,6:48:50 am,4:15:32 pm,4:45:01 pm,09:26:42,11:32:11 am,5:44 am,5:19 pm,5:10 am,5:53 pm
"Wed, Nov 29",6:20:23 am,6:49:56 am,4:15:07 pm,4:44:40 pm,09:25:11,11:32:32 am,5:45 am,5:19 pm,5:11 am,5:53 pm
"Thu, Nov 30",6:21:25 am,6:51:01 am,4:14:45 pm,4:44:21 pm,09:23:44,11:32:53 am,5:46 am,5:19 pm,5:12 am,5:53 pm
"Fri, Dec 1",6:22:26 am,6:52:05 am,4:14:25 pm,4:44:05 pm,09:22:20,11:33:15 am,5:47 am,5:19 pm,5:13 am,5:52 pm
"Sat, Dec 2",6:23:25 am,6:53:08 am,4:14:08 pm,4:43:51 pm,09:21:00,11:33:38 am,5:48 am,5:18 pm,5:14 am,5:52 pm
"Sun, Dec 3",6:24:24 am,6:54:10 am,4:13:53 pm,4:43:39 pm,09:19:43,11:34:01 am,5:49 am,5:18 pm,5:15 am,5:52 pm
"Mon, Dec 4",6:25:21 am,6:55:10 am,4:13:40 pm,4:43:29 pm,09:18:30,11:34:25 am,5:50 am,5:18 pm,5:16 am,5:52 pm
"Tue, Dec 5",6:26:18 am,6:56:10 am,4:13:30 pm,4:43:22 pm,09:17:20,11:34:50 am,5:51 am,5:18 pm,5:17 am,5:52 pm
"Wed, Dec 6",6:27:13 am,6:57:08 am,4:13:22 pm,4:43:17 pm,09:16:14,11:35:15 am,5:52 am,5:18 pm,5:18 am,5:52 pm
"Thu, Dec 7",6:28:07 am,6:58:04 am,4:13:17 pm,4:43:14 pm,09:15:13,11:35:41 am,5:52 am,5:18 pm,5:18 am,5:52 pm
"Fri, Dec 8",6:29:00 am,6:59:00 am,4:13:14 pm,4:43:14 pm,09:14:14,11:36:07 am,5:53 am,5:18 pm,5:19 am,5:52 pm
"Sat, Dec 9",6:29:51 am,6:59:53 am,4:13:13 pm,4:43:15 pm,09:13:20,11:36:33 am,5:54 am,5:18 pm,5:20 am,5:52 pm
"Sun, Dec 10",6:30:41 am,7:00:46 am,4:13:15 pm,4:43:19 pm,09:12:29,11:37:00 am,5:55 am,5:18 pm,5:21 am,5:52 pm
"Mon, Dec 11",6:31:30 am,7:01:36 am,4:13:19 pm,4:43:26 pm,09:11:43,11:37:28 am,5:56 am,5:18 pm,5:22 am,5:52 pm
"Tue, Dec 12",6:32:17 am,7:02:25 am,4:13:26 pm,4:43:34 pm,09:11:01,11:37:56 am,5:56 am,5:18 pm,5:22 am,5:53 pm
"Wed, Dec 13",6:33:02 am,7:03:12 am,4:13:35 pm,4:43:45 pm,09:10:23,11:38:24 am,5:57 am,5:19 pm,5:23 am,5:53 pm
"Thu, Dec 14",6:33:46 am,7:03:58 am,4:13:46 pm,4:43:58 pm,09:09:48,11:38:52 am,5:58 am,5:19 pm,5:24 am,5:53 pm
"Fri, Dec 15",6:34:29 am,7:04:41 am,4:14:00 pm,4:44:13 pm,09:09:19,11:39:21 am,5:59 am,5:19 pm,5:24 am,5:53 pm
"Sat, Dec 16",6:35:09 am,7:05:23 am,4:14:17 pm,4:44:31 pm,09:08:54,11:39:50 am,5:59 am,5:19 pm,5:25 am,5:54 pm
"Sun, Dec 17",6:35:48 am,7:06:03 am,4:14:35 pm,4:44:50 pm,09:08:32,11:40:19 am,6:00 am,5:20 pm,5:26 am,5:54 pm
"Mon, Dec 18",6:36:25 am,7:06:41 am,4:14:56 pm,4:45:12 pm,09:08:15,11:40:49 am,6:00 am,5:20 pm,5:26 am,5:54 pm
"Tue, Dec 19",6:37:01 am,7:07:17 am,4:15:19 pm,4:45:36 pm,09:08:02,11:41:18 am,6:01 am,5:21 pm,5:27 am,5:55 pm
"Wed, Dec 20",6:37:34 am,7:07:51 am,4:15:45 pm,4:46:01 pm,09:07:54,11:41:48 am,6:02 am,5:21 pm,5:27 am,5:55 pm
"Thu, Dec 21",6:38:06 am,7:08:23 am,4:16:13 pm,4:46:29 pm,09:07:50,11:42:18 am,6:02 am,5:21 pm,5:28 am,5:56 pm
"Fri, Dec 22",6:38:36 am,7:08:52 am,4:16:43 pm,4:46:59 pm,09:07:51,11:42:47 am,6:03 am,5:22 pm,5:28 am,5:56 pm
"Sat, Dec 23",6:39:03 am,7:09:20 am,4:17:15 pm,4:47:31 pm,09:07:55,11:43:17 am,6:03 am,5:22 pm,5:29 am,5:57 pm
"Sun, Dec 24",6:39:29 am,7:09:45 am,4:17:49 pm,4:48:05 pm,09:08:04,11:43:47 am,6:04 am,5:23 pm,5:29 am,5:57 pm
"Mon, Dec 25",6:39:53 am,7:10:08 am,4:18:25 pm,4:48:41 pm,09:08:17,11:44:17 am,6:04 am,5:24 pm,5:30 am,5:58 pm
"Tue, Dec 26",6:40:14 am,7:10:29 am,4:19:04 pm,4:49:19 pm,09:08:35,11:44:47 am,6:04 am,5:24 pm,5:30 am,5:58 pm
"Wed, Dec 27",6:40:34 am,7:10:48 am,4:19:44 pm,4:49:58 pm,09:08:56,11:45:16 am,6:05 am,5:25 pm,5:30 am,5:59 pm
"Thu, Dec 28",6:40:52 am,7:11:04 am,4:20:27 pm,4:50:39 pm,09:09:23,11:45:46 am,6:05 am,5:26 pm,5:31 am,6:00 pm
"Fri, Dec 29",6:41:07 am,7:11:18 am,4:21:11 pm,4:51:23 pm,09:09:53,11:46:15 am,6:05 am,5:26 pm,5:31 am,6:00 pm
"Sat, Dec 30",6:41:20 am,7:11:30 am,4:21:58 pm,4:52:07 pm,09:10:28,11:46:44 am,6:05 am,5:27 pm,5:31 am,6:01 pm
"Sun, Dec 31",6:41:31 am,7:11:39 am,4:22:46 pm,4:52:54 pm,09:11:07,11:47:13 am,6:06 am,5:28 pm,5:32 am,6:02 pm
